Food,Source
Slow cooked,2011
Kids in the kitchen,2011
Coffeemakers,2011
Tapas,2011
Pizza,2011
Local food,2011
Vegetarian,2011
Rock-star butcher,2011
Cooking app,2011
Food app,2011
Home cooking,2011
Pickles,2012
Banh Mi,2012
Honey,2012
North European cooking,2012
Off cuts of meat,2012
Healthy school lunch,2012
New pasta shape,2012
Sweet and salty dessert,2012
Ethnic cuisine,2012
Slow cooked,2012
Vegan,2013
Octopus,2013
Korean flavor,2013
Lobster roll,2013
Deviled egg,2013
Wine on tap,2013
Tortas,2013
Pastrami,2013
Snow Ice cream,2013
Tiny Dessert,2013
Bottomless cup of coffee,2014
Beer-based cocktail,2014
Cauliflower,2014
Mug cocktail,2014
Fastfood,2014
Board game cafe,2014
Low alcohol cocktail,2014
Trash vegetables,2014
Toasts and Tartines,2014
Upscale food hall,2014
All-day breakfast,2015
Rice bowl,2015
Fried chicken,2015
Poke,2015
Food Delivery Services,2015
Shakshuka,2015
Tweaked Ice Cream Sandwiches,2015
Quick Service Outlets,2015
Indian Flavors,2015
Asian comfort food,2016
Better butter,2016
Coconut,2016
Meal kits,2016
Dukkah,2016
Farm-raised Fish,2016
Filipino Flavors,2016
Miso,2016
Nut Cheeses,2016
Turmeric,2016
Activated Charcoal,2017
Ashes and Powders,2017
Crudites,2017
Exotic Grains,2017
Edible Insects,2017
Israeli Flavors,2017
Local Distilleries,2017
Street Food,2017
Vegan Burgers,2017
Zero-Waste Cooking,2017
Floral Flavors,2018
Super Powders,2018
Functional Mushrooms,2018
Middle Eastern food ,2018
Transparency food,2018
Alternative meat,2018
Puffed and Popped Snacks,2018
Shell-less taco,2018
Entire vegetable,2018
Sparkling water,2018